"Population estimates, quarterly 1 2 3 4",,,,,,,,,,,,,,,
Frequency: Quarterly,,,,,,,,,,,,,,,
Table: 17-10-0009-01 (formerly CANSIM 051-0005),,,,,,,,,,,,,,,
Release date: 2023-03-22,,,,,,,,,,,,,,,
"Geography: Canada, Province or territory",,,,,,,,,,,,,,,
,,,,,,,,,,,,,,,
,,,,,,,,,,,,,,,
,,,,,,,,,,,,,,,
Geography,Canada,Newfoundland and Labrador,Prince Edward Island,Nova Scotia,New Brunswick,Quebec,Ontario,Manitoba,Saskatchewan,Alberta,British Columbia,Yukon,Northwest Territories including Nunavut (Terminated) 5,Northwest Territories 6,Nunavut 6
Q1 1951,"13,870,000",..,..,..,..,..,..,..,..,..,..,..,..t,..,..
Q2 1951,"13,937,000",..,..,..,..,..,..,..,..,..,..,..,..t,..,..
Q3 1951,"14,050,000","362,000","99,000","643,000","517,000","4,066,000","4,615,000","778,000","834,000","943,000","1,168,000","9,000","16,000t",..,..
Q4 1951,"14,163,000","365,000","99,000","646,000","519,000","4,095,000","4,665,000","784,000","836,000","950,000","1,179,000","9,000","16,000t",..,..
Q1 1952,"14,277,000","368,000","100,000","647,000","521,000","4,126,000","4,717,000","789,000","836,000","959,000","1,189,000","9,000","16,000t",..,..
Q2 1952,"14,376,000","371,000","100,000","651,000","524,000","4,153,000","4,757,000","794,000","838,000","965,000","1,198,000","9,000","16,000t",..,..
Q3 1952,"14,496,000","375,000","100,000","654,000","527,000","4,183,000","4,802,000","799,000","845,000","977,000","1,209,000","9,000","16,000t",..,..
Q4 1952,"14,598,000","377,000","101,000","657,000","529,000","4,209,000","4,841,000","802,000","850,000","985,000","1,222,000","9,000","16,000t",..,..
Q1 1953,"14,682,000","379,000","101,000","660,000","530,000","4,228,000","4,876,000","804,000","852,000","994,000","1,233,000","9,000","16,000t",..,..
Q2 1953,"14,763,000","382,000","101,000","662,000","532,000","4,249,000","4,907,000","806,000","855,000","1,002,000","1,242,000","9,000","16,000t",..,..
Q3 1953,"14,886,000","384,000","101,000","664,000","533,000","4,281,000","4,956,000","810,000","863,000","1,016,000","1,253,000","9,000","16,000t",..,..
Q4 1953,"15,001,000","387,000","101,000","667,000","535,000","4,310,000","5,002,000","814,000","866,000","1,029,000","1,265,000","9,000","16,000t",..,..
Q1 1954,"15,105,000","390,000","101,000","668,000","537,000","4,337,000","5,047,000","816,000","867,000","1,039,000","1,278,000","9,000","16,000t",..,..
Q2 1954,"15,199,000","393,000","101,000","670,000","538,000","4,365,000","5,082,000","819,000","869,000","1,047,000","1,288,000","10,000","17,000t",..,..
Q3 1954,"15,330,000","396,000","101,000","674,000","541,000","4,402,000","5,130,000","825,000","874,000","1,061,000","1,299,000","10,000","17,000t",..,..
Q4 1954,"15,444,000","399,000","101,000","676,000","543,000","4,436,000","5,174,000","830,000","877,000","1,070,000","1,311,000","10,000","17,000t",..,..
Q1 1955,"15,535,000","401,000","100,000","678,000","544,000","4,465,000","5,208,000","833,000","877,000","1,078,000","1,323,000","11,000","17,000t",..,..
Q2 1955,"15,620,000","404,000","100,000","681,000","546,000","4,492,000","5,236,000","837,000","877,000","1,084,000","1,334,000","11,000","18,000t",..,..
Q3 1955,"15,736,000","407,000","100,000","684,000","548,000","4,529,000","5,278,000","841,000","879,000","1,094,000","1,347,000","11,000","18,000t",..,..
Q4 1955,"15,834,000","410,000","100,000","688,000","550,000","4,557,000","5,311,000","844,000","880,000","1,102,000","1,362,000","12,000","18,000t",..,..
Q1 1956,"15,919,000","412,000","100,000","690,000","552,000","4,581,000","5,344,000","845,000","879,000","1,109,000","1,377,000","12,000","18,000t",..,..
Q2 1956,"16,004,000","414,000","99,000","693,000","553,000","4,606,000","5,375,000","848,000","879,000","1,118,000","1,388,000","12,000","19,000t",..,..
Q3 1956,"16,123,000","416,000","99,000","695,000","556,000","4,641,000","5,423,000","850,000","881,000","1,126,000","1,405,000","12,000","19,000t",..,..
Q4 1956,"16,235,000","418,000","99,000","695,000","557,000","4,671,000","5,470,000","852,000","880,000","1,136,000","1,426,000","12,000","19,000t",..,..
Q1 1957,"16,352,000","420,000","99,000","695,000","558,000","4,702,000","5,529,000","851,000","874,000","1,144,000","1,449,000","12,000","19,000t",..,..
Q2 1957,"16,479,000","422,000","99,000","698,000","560,000","4,737,000","5,580,000","856,000","875,000","1,153,000","1,468,000","12,000","19,000t",..,..
Q3 1957,"16,677,000","425,000","99,000","701,000","563,000","4,786,000","5,668,000","863,000","882,000","1,169,000","1,490,000","12,000","19,000t",..,..
Q4 1957,"16,810,000","427,000","99,000","702,000","565,000","4,825,000","5,722,000","863,000","884,000","1,179,000","1,511,000","13,000","20,000t",..,..
Q1 1958,"16,907,000","428,000","99,000","705,000","567,000","4,849,000","5,759,000","868,000","884,000","1,191,000","1,524,000","13,000","20,000t",..,..
Q2 1958,"16,997,000","430,000","100,000","707,000","569,000","4,879,000","5,789,000","872,000","888,000","1,198,000","1,532,000","13,000","20,000t",..,..
Q3 1958,"17,120,000","433,000","100,000","710,000","572,000","4,915,000","5,835,000","877,000","894,000","1,211,000","1,540,000","13,000","20,000t",..,..
Q4 1958,"17,225,000","435,000","101,000","713,000","574,000","4,947,000","5,874,000","881,000","898,000","1,221,000","1,548,000","13,000","20,000t",..,..
Q1 1959,"17,318,000","437,000","101,000","716,000","577,000","4,974,000","5,907,000","883,000","900,000","1,233,000","1,556,000","13,000","21,000t",..,..
Q2 1959,"17,406,000","439,000","101,000","718,000","580,000","5,002,000","5,938,000","888,000","903,000","1,241,000","1,562,000","13,000","21,000t",..,..
Q3 1959,"17,522,000","441,000","102,000","720,000","583,000","5,035,000","5,985,000","892,000","908,000","1,252,000","1,570,000","13,000","21,000t",..,..
Q4 1959,"17,624,000","443,000","102,000","722,000","584,000","5,068,000","6,020,000","896,000","912,000","1,263,000","1,580,000","13,000","21,000t",..,..
Q1 1960,"17,710,000","445,000","103,000","722,000","585,000","5,092,000","6,054,000","900,000","911,000","1,274,000","1,589,000","14,000","21,000t",..,..
Q2 1960,"17,793,000","447,000","103,000","725,000","587,000","5,119,000","6,083,000","903,000","912,000","1,282,000","1,596,000","14,000","22,000t",..,..
Q3 1960,"17,909,000","449,000","103,000","728,000","589,000","5,152,000","6,127,000","908,000","916,000","1,296,000","1,605,000","14,000","22,000t",..,..
Q4 1960,"18,009,000","452,000","104,000","731,000","591,000","5,187,000","6,158,000","911,000","918,000","1,307,000","1,614,000","14,000","22,000t",..,..
Q1 1961,"18,092,000","454,000","104,000","732,000","593,000","5,212,000","6,187,000","916,000","919,000","1,317,000","1,621,000","14,000","23,000t",..,..
Q2 1961,"18,172,000","456,000","104,000","735,000","596,000","5,238,000","6,214,000","919,000","922,000","1,325,000","1,626,000","14,000","23,000t",..,..
Q3 1961,"18,271,000","459,000","105,000","738,000","599,000","5,268,000","6,248,000","923,000","926,000","1,335,000","1,632,000","15,000","23,000t",..,..
Q4 1961,"18,363,000","462,000","106,000","740,000","600,000","5,300,000","6,275,000","927,000","929,000","1,345,000","1,640,000","15,000","24,000t",..,..
Q1 1962,"18,442,000","464,000","107,000","742,000","602,000","5,324,000","6,303,000","930,000","927,000","1,356,000","1,648,000","15,000","24,000t",..,..
Q2 1962,"18,519,000","466,000","107,000","744,000","604,000","5,350,000","6,330,000","933,000","928,000","1,363,000","1,655,000","15,000","24,000t",..,..
Q3 1962,"18,614,000","469,000","107,000","746,000","605,000","5,381,000","6,362,000","937,000","931,000","1,373,000","1,663,000","15,000","25,000t",..,..
Q4 1962,"18,708,000","471,000","107,000","748,000","607,000","5,413,000","6,395,000","940,000","931,000","1,382,000","1,674,000","15,000","25,000t",..,..
Q1 1963,"18,787,000","473,000","107,000","747,000","607,000","5,437,000","6,427,000","944,000","928,000","1,391,000","1,686,000","15,000","25,000t",..,..
Q2 1963,"18,864,000","474,000","108,000","749,000","608,000","5,461,000","6,455,000","947,000","930,000","1,398,000","1,694,000","15,000","25,000t",..,..
Q3 1963,"18,964,000","477,000","108,000","751,000","609,000","5,489,000","6,497,000","950,000","933,000","1,407,000","1,702,000","15,000","26,000t",..,..
Q4 1963,"19,061,000","479,000","109,000","752,000","609,000","5,518,000","6,535,000","953,000","935,000","1,414,000","1,716,000","15,000","26,000t",..,..
Q1 1964,"19,142,000","480,000","109,000","752,000","609,000","5,541,000","6,572,000","955,000","936,000","1,419,000","1,728,000","15,000","26,000t",..,..
Q2 1964,"19,222,000","482,000","109,000","753,000","610,000","5,566,000","6,602,000","957,000","939,000","1,425,000","1,737,000","15,000","27,000t",..,..
Q3 1964,"19,325,000","484,000","109,000","755,000","612,000","5,593,000","6,646,000","960,000","943,000","1,431,000","1,750,000","15,000","27,000t",..,..
Q4 1964,"19,420,000","485,000","109,000","756,000","612,000","5,621,000","6,687,000","961,000","946,000","1,436,000","1,765,000","15,000","27,000t",..,..
Q1 1965,"19,501,000","485,000","109,000","755,000","613,000","5,644,000","6,723,000","962,000","946,000","1,443,000","1,779,000","15,000","27,000t",..,..
Q2 1965,"19,578,000","486,000","109,000","754,000","614,000","5,668,000","6,758,000","964,000","948,000","1,445,000","1,790,000","15,000","27,000t",..,..
Q3 1965,"19,678,000","488,000","109,000","756,000","615,000","5,694,000","6,803,000","965,000","951,000","1,451,000","1,804,000","14,000","28,000t",..,..
Q4 1965,"19,777,000","489,000","109,000","755,000","616,000","5,720,000","6,849,000","963,000","953,000","1,453,000","1,827,000","15,000","28,000t",..,..
Q1 1966,"19,857,000","490,000","108,000","754,000","616,000","5,740,000","6,888,000","962,000","952,000","1,456,000","1,848,000","15,000","28,000t",..,..
Q2 1966,"19,939,000","492,000","108,000","755,000","616,000","5,762,000","6,926,000","963,000","954,000","1,459,000","1,862,000","14,000","28,000t",..,..
Q3 1966,"20,048,000","494,000","109,000","757,000","617,000","5,787,000","6,977,000","963,000","956,000","1,465,000","1,880,000","14,000","29,000t",..,..
Q4 1966,"20,146,000","496,000","109,000","756,000","617,000","5,808,000","7,025,000","959,000","957,000","1,470,000","1,905,000","15,000","29,000t",..,..
Q1 1967,"20,228,000","496,000","109,000","757,000","618,000","5,826,000","7,063,000","958,000","955,000","1,476,000","1,926,000","15,000","29,000t",..,..
Q2 1967,"20,306,000","498,000","109,000","758,000","619,000","5,846,000","7,096,000","961,000","955,000","1,483,000","1,937,000","15,000","29,000t",..,..
Q3 1967,"20,412,000","500,000","109,000","761,000","621,000","5,870,000","7,142,000","964,000","958,000","1,493,000","1,950,000","15,000","29,000t",..,..
Q4 1967,"20,509,000","502,000","109,000","762,000","622,000","5,888,000","7,186,000","966,000","959,000","1,501,000","1,970,000","15,000","29,000t",..,..
Q1 1968,"20,581,000","503,000","110,000","764,000","623,000","5,902,000","7,213,000","966,000","957,000","1,510,000","1,988,000","15,000","30,000t",..,..
Q2 1968,"20,644,000","505,000","110,000","765,000","624,000","5,916,000","7,238,000","968,000","959,000","1,518,000","1,996,000","15,000","30,000t",..,..
Q3 1968,"20,729,000","507,000","110,000","768,000","626,000","5,931,000","7,275,000","972,000","961,000","1,527,000","2,006,000","16,000","30,000t",..,..
Q4 1968,"20,814,000","509,000","111,000","771,000","628,000","5,949,000","7,305,000","974,000","962,000","1,536,000","2,023,000","16,000","30,000t",..,..
Q1 1969,"20,888,000","511,000","111,000","771,000","627,000","5,961,000","7,338,000","975,000","959,000","1,546,000","2,042,000","16,000","31,000t",..,..
Q2 1969,"20,950,000","513,000","111,000","774,000","627,000","5,975,000","7,362,000","977,000","959,000","1,553,000","2,052,000","16,000","31,000t",..,..
Q3 1969,"21,028,000","515,000","111,000","777,000","628,000","5,987,000","7,399,000","979,000","958,000","1,562,000","2,065,000","16,000","31,000t",..,..
Q4 1969,"21,111,000","516,000","111,000","778,000","628,000","6,001,000","7,442,000","979,000","955,000","1,571,000","2,082,000","16,000","32,000t",..,..
Q1 1970,"21,182,000","516,000","110,000","779,000","625,000","6,002,000","7,488,000","979,000","948,000","1,579,000","2,107,000","17,000","32,000t",..,..
Q2 1970,"21,244,000","516,000","110,000","780,000","626,000","6,005,000","7,528,000","981,000","942,000","1,589,000","2,118,000","17,000","32,000t",..,..
Q3 1970,"21,324,000","518,000","110,000","783,000","628,000","6,015,000","7,566,000","983,000","940,000","1,597,000","2,134,000","17,000","33,000t",..,..
Q4 1970,"21,400,000","519,000","111,000","784,000","628,000","6,021,000","7,613,000","982,000","933,000","1,607,000","2,152,000","17,000","33,000t",..,..
Q1 1971,"21,465,000","519,000","111,000","785,000","630,000","6,017,000","7,656,000","984,000","927,000","1,616,000","2,168,000","18,000","34,000t",..,..
Q2 1971,"21,523,000","521,000","111,000","788,000","633,000","6,022,000","7,683,000","986,000","926,000","1,623,000","2,178,000","18,000","34,000t",..,..
Q3 1971,"21,962,032","530,854","112,591","797,294","642,471","6,137,305","7,849,027","998,876","932,038","1,665,717","2,240,470","18,991","36,398t",..,..
Q4 1971,"22,039,243","534,471","112,874","798,804","644,717","6,148,121","7,882,241","998,957","928,061","1,675,638","2,258,651","19,462","37,246t",..,..
Q1 1972,"22,092,498","535,736","112,964","800,513","646,337","6,152,950","7,906,337","998,910","923,123","1,679,985","2,278,085","19,723","37,835t",..,..
Q2 1972,"22,148,919","537,368","113,314","800,542","648,056","6,165,470","7,927,220","1,000,104","921,306","1,686,758","2,290,667","19,859","38,255t",..,..
Q3 1972,"22,218,463","539,124","113,460","802,255","648,769","6,174,216","7,963,117","1,001,652","920,780","1,694,090","2,302,086","20,143","38,771t",..,..
Q4 1972,"22,288,499","541,472","113,960","805,317","651,182","6,182,065","7,992,037","1,001,682","916,659","1,705,519","2,318,552","20,570","39,484t",..,..
Q1 1973,"22,347,459","542,983","114,276","808,614","652,497","6,189,678","8,013,391","1,002,589","913,591","1,710,866","2,338,148","20,813","40,013t",..,..
Q2 1973,"22,405,392","544,026","114,437","809,697","655,725","6,199,080","8,035,129","1,005,005","912,191","1,717,910","2,350,837","20,968","40,387t",..,..
Q3 1973,"22,491,777","545,561","114,620","812,386","656,720","6,213,149","8,075,547","1,007,358","911,937","1,725,327","2,367,271","21,148","40,753t",..,..
Q4 1973,"22,570,338","546,717","114,944","814,351","658,693","6,227,045","8,107,108","1,008,908","908,856","1,735,396","2,386,932","20,874","40,514t",..,..
Q1 1974,"22,649,538","547,107","115,189","816,353","661,016","6,238,468","8,139,808","1,012,378","907,546","1,739,942","2,409,913","20,973","40,845t",..,..
Q2 1974,"22,723,274","547,385","115,566","816,688","662,560","6,251,741","8,172,562","1,015,368","907,748","1,746,975","2,424,995","20,895","40,791t",..,..
Q3 1974,"22,807,969","549,604","115,962","818,751","664,744","6,268,571","8,204,275","1,018,206","908,457","1,754,621","2,442,578","21,069","41,131t",..,..
Q4 1974,"22,907,390","551,508","116,401","821,251","669,506","6,286,708","8,240,114","1,018,954","908,714","1,769,880","2,461,396","21,335","41,623t",..,..
Q1 1975,"22,979,190","552,812","117,031","823,084","671,135","6,299,783","8,260,161","1,019,529","910,276","1,782,575","2,479,085","21,580","42,139t",..,..
Q2 1975,"23,048,990","554,166","117,316","824,791","673,918","6,310,999","8,284,503","1,021,824","913,118","1,795,097","2,489,116","21,692","42,450t",..,..
Q3 1975,"23,143,275","556,496","117,724","826,549","677,008","6,330,303","8,319,795","1,024,975","917,415","1,808,689","2,499,564","21,908","42,849t",..,..
Q4 1975,"23,240,585","558,900","118,009","830,351","682,086","6,348,244","8,352,911","1,026,093","922,468","1,825,051","2,510,751","22,214","43,507t",..,..
Q1 1976,"23,304,197","560,024","118,264","832,765","685,155","6,362,125","8,366,498","1,028,134","925,570","1,839,191","2,520,425","22,259","43,787t",..,..
Q2 1976,"23,369,845","560,856","118,298","833,741","687,521","6,377,976","8,387,985","1,030,093","928,697","1,852,651","2,525,812","22,263","43,952t",..,..
Q3 1976,"23,449,808","562,639","118,648","835,166","689,494","6,396,761","8,413,779","1,031,758","931,612","1,869,287","2,533,899","22,441","44,324t",..,..
Q4 1976,"23,533,565","563,591","118,925","837,578","690,936","6,404,158","8,438,765","1,033,171","936,235","1,896,466","2,546,813","22,509","44,418t",..,..
Q1 1977,"23,591,713","563,387","119,121","838,385","691,810","6,412,575","8,458,617","1,034,113","938,455","1,914,570","2,554,051","22,262","44,367t",..,..
Q2 1977,"23,656,739","564,217","119,297","839,315","693,580","6,423,152","8,481,322","1,035,920","941,297","1,931,214","2,560,711","22,308","44,406t",..,..
Q3 1977,"23,725,843","565,348","119,902","840,028","695,843","6,433,133","8,504,080","1,037,369","944,621","1,948,263","2,570,315","22,462","44,479t",..,..
Q4 1977,"23,801,445","566,116","120,459","842,051","696,378","6,431,509","8,530,102","1,038,470","947,400","1,974,721","2,586,668","22,747","44,824t",..,..
Q1 1978,"23,849,503","565,981","120,764","842,961","696,872","6,432,019","8,548,453","1,038,859","948,753","1,991,454","2,595,858","22,668","44,861t",..,..
Q2 1978,"23,903,687","566,671","121,014","843,663","697,851","6,436,705","8,569,298","1,040,028","950,365","2,006,745","2,603,502","22,834","45,011t",..,..
Q3 1978,"23,963,203","567,639","121,684","844,628","699,514","6,440,459","8,590,144","1,040,881","952,430","2,022,241","2,615,162","23,157","45,264t",..,..
Q4 1978,"24,025,447","568,417","121,952","846,612","699,937","6,442,774","8,604,263","1,038,528","954,473","2,047,919","2,632,020","23,120","45,432t",..,..
Q1 1979,"24,071,889","568,329","122,104","847,511","700,237","6,446,529","8,619,239","1,037,449","955,552","2,064,776","2,641,872","22,845","45,446t",..,..
Q2 1979,"24,128,180","569,012","122,277","848,272","701,261","6,455,295","8,638,099","1,037,417","957,375","2,079,840","2,650,940","22,845","45,547t",..,..
Q3 1979,"24,201,544","570,075","122,885","849,396","703,158","6,465,996","8,662,088","1,037,272","959,735","2,096,966","2,665,238","22,972","45,763t",..,..
Q4 1979,"24,279,044","570,976","123,002","850,336","703,038","6,472,095","8,674,941","1,034,189","961,723","2,128,647","2,691,121","23,036","45,940t",..,..
Q1 1980,"24,345,365","570,899","123,109","850,915","703,538","6,480,428","8,693,157","1,033,557","963,231","2,149,996","2,707,690","22,834","46,011t",..,..
Q2 1980,"24,418,295","571,554","123,275","851,541","704,475","6,492,192","8,715,218","1,033,985","965,215","2,168,863","2,722,921","22,876","46,180t",..,..
Q3 1980,"24,515,667","572,759","123,735","852,659","706,219","6,505,997","8,746,013","1,034,435","967,548","2,191,029","2,745,861","23,019","46,393t",..,..
Q4 1980,"24,603,534","573,582","123,445","853,389","705,237","6,515,323","8,757,388","1,034,017","970,183","2,227,159","2,773,680","23,380","46,751t",..,..
Q1 1981,"24,665,355","573,420","123,315","853,673","704,763","6,523,258","8,770,591","1,033,968","971,544","2,249,907","2,790,754","23,311","46,851t",..,..
Q2 1981,"24,732,826","574,199","123,285","854,024","705,241","6,534,508","8,787,156","1,034,805","973,372","2,270,227","2,805,394","23,517","47,098t",..,..
Q3 1981,"24,819,915","575,302","123,551","854,871","706,438","6,547,207","8,812,286","1,035,545","975,759","2,291,104","2,826,558","23,880","47,414t",..,..
Q4 1981,"24,920,120","575,276","123,496","857,038","706,008","6,558,545","8,846,005","1,037,183","979,469","2,319,715","2,845,212","24,120","48,053t",..,..
Q1 1982,"24,979,229","573,343","123,335","857,469","705,608","6,565,745","8,865,774","1,039,300","981,559","2,337,458","2,857,268","24,302","48,068t",..,..
Q2 1982,"25,042,069","573,292","123,225","857,592","706,179","6,572,316","8,892,646","1,042,251","983,744","2,352,042","2,865,557","24,571","48,654t",..,..
Q3 1982,"25,116,942","573,795","123,588","859,038","707,457","6,580,631","8,920,288","1,045,224","986,582","2,369,827","2,876,513","24,668","49,331t",..,..
Q4 1982,"25,193,538","575,898","123,919","862,255","709,894","6,584,666","8,957,042","1,049,816","991,621","2,378,405","2,885,875","24,320","49,827t",..,..
Q1 1983,"25,242,830","576,813","124,181","864,117","711,021","6,588,636","8,982,933","1,052,538","993,810","2,383,354","2,891,441","23,838","50,148t",..,..
Q2 1983,"25,300,372","577,523","124,479","865,796","712,338","6,595,846","9,010,994","1,055,586","997,100","2,388,090","2,898,574","23,702","50,344t",..,..
Q3 1983,"25,366,451","579,164","125,102","868,289","714,842","6,602,976","9,039,564","1,059,752","1,001,249","2,393,587","2,907,502","23,664","50,760t",..,..
Q4 1983,"25,434,150","579,603","125,634","872,143","716,531","6,608,417","9,074,145","1,063,952","1,005,175","2,394,239","2,919,166","23,760","51,385t",..,..
Q1 1984,"25,482,358","579,558","125,906","874,076","717,434","6,613,628","9,100,590","1,066,222","1,007,484","2,394,892","2,927,258","23,544","51,766t",..,..
Q2 1984,"25,539,861","579,810","126,184","875,922","718,627","6,621,748","9,129,833","1,069,201","1,010,840","2,396,706","2,935,384","23,603","52,003t",..,..
Q3 1984,"25,607,053","580,065","126,563","877,471","720,488","6,631,220","9,167,484","1,071,810","1,014,615","2,393,907","2,947,181","23,921","52,328t",..,..
Q4 1984,"25,677,668","579,356","126,877","881,323","721,509","6,640,276","9,210,346","1,075,088","1,018,785","2,390,913","2,956,332","24,168","52,695t",..,..
Q1 1985,"25,721,170","579,043","127,330","883,012","721,932","6,645,778","9,230,294","1,078,327","1,020,040","2,395,813","2,962,108","24,156","53,337t",..,..
Q2 1985,"25,774,717","579,320","127,486","884,525","722,406","6,654,729","9,256,175","1,081,013","1,021,914","2,401,499","2,967,584","24,245","53,821t",..,..
Q3 1985,"25,842,116","579,275","127,619","885,848","723,287","6,665,802","9,294,657","1,082,495","1,024,928","2,404,490","2,975,131","24,375","54,209t",..,..
Q4 1985,"25,914,797","577,784","127,864","887,408","723,955","6,676,959","9,338,435","1,085,016","1,027,418","2,407,001","2,984,237","24,458","54,262t",..,..
Q1 1986,"25,962,414","577,248","128,256","887,435","724,277","6,684,699","9,362,036","1,087,851","1,027,137","2,415,590","2,988,964","24,359","54,562t",..,..
Q2 1986,"26,019,615","577,105","128,403","888,157","724,432","6,693,133","9,391,784","1,090,433","1,027,812","2,424,950","2,994,267","24,364","54,775t",..,..
Q3 1986,"26,100,278","576,306","128,436","889,087","725,019","6,708,170","9,437,359","1,091,552","1,028,717","2,432,930","3,003,621","24,430","54,651t",..,..
Q4 1986,"26,187,639","575,396","128,281","891,078","725,304","6,727,250","9,493,289","1,092,636","1,029,554","2,429,949","3,015,876","24,782","54,244t",..,..
Q1 1987,"26,256,140","575,586","128,429","891,424","725,368","6,745,101","9,531,478","1,094,659","1,029,639","2,432,958","3,021,900","25,125","54,473t",..,..
Q2 1987,"26,346,370","575,802","128,645","891,908","726,566","6,765,059","9,577,947","1,097,076","1,031,336","2,439,074","3,032,807","25,386","54,764t",..,..
Q3 1987,"26,446,601","575,242","128,641","893,606","727,768","6,781,984","9,637,945","1,098,373","1,032,799","2,440,877","3,048,651","25,706","55,009t",..,..
Q4 1987,"26,542,370","574,094","128,758","894,585","728,100","6,796,640","9,702,789","1,098,195","1,031,995","2,437,537","3,068,995","25,808","54,874t",..,..
Q1 1988,"26,602,328","574,543","129,152","894,600","728,401","6,805,203","9,735,171","1,099,782","1,029,527","2,443,396","3,081,368","25,902","55,283t",..,..
Q2 1988,"26,679,165","574,912","129,242","895,638","729,079","6,818,248","9,774,964","1,101,404","1,028,590","2,450,646","3,094,274","26,335","55,833t",..,..
Q3 1988,"26,791,747","574,982","129,289","897,216","730,349","6,837,077","9,838,620","1,102,152","1,028,225","2,456,614","3,114,761","26,653","55,809t",..,..
Q4 1988,"26,932,655","574,645","129,327","899,462","731,671","6,864,044","9,917,210","1,101,074","1,025,453","2,465,242","3,141,854","26,582","56,091t",..,..
Q1 1989,"27,032,356","575,626","129,984","900,270","732,462","6,882,602","9,969,308","1,101,544","1,021,497","2,477,533","3,158,092","26,898","56,540t",..,..
Q2 1989,"27,147,776","576,458","130,192","901,341","733,872","6,903,228","10,031,922","1,102,669","1,020,302","2,489,032","3,174,623","27,053","57,084t",..,..
Q3 1989,"27,276,781","576,551","130,153","903,841","735,129","6,925,128","10,103,305","1,103,792","1,019,439","2,498,325","3,196,725","27,167","57,226t",..,..
Q4 1989,"27,402,695","575,594","129,900","906,644","736,352","6,946,945","10,167,642","1,102,522","1,016,043","2,507,203","3,229,220","27,197","57,433t",..,..
Q1 1990,"27,463,550","576,278","130,336","907,394","737,307","6,955,119","10,189,985","1,102,752","1,011,429","2,520,056","3,247,419","27,605","57,870t",..,..
Q2 1990,"27,567,161","577,167","130,468","908,444","738,744","6,973,762","10,238,884","1,103,935","1,009,952","2,532,621","3,266,888","27,824","58,472t",..,..
Q3 1990,"27,691,138","577,368","130,404","910,451","740,156","6,996,986","10,295,832","1,105,421","1,007,727","2,547,788","3,292,111","27,957","58,937t",..,..
Q4 1990,"27,807,591","577,113","130,367","911,749","741,981","7,019,039","10,344,678","1,105,098","1,004,214","2,563,142","3,322,896","28,023","59,291t",..,..
Q1 1991,"27,854,861","577,377","130,477","912,792","743,210","7,026,241","10,355,101","1,106,196","1,002,651","2,572,947","3,339,935","28,223","59,711t",..,..
Q2 1991,"27,928,837","578,397","130,453","912,889","744,203","7,044,395","10,385,937","1,107,757","1,002,876","2,580,625","3,352,585","28,494","60,226t",..,..
Q3 1991,"28,037,420","579,644","130,369","914,969","745,567","7,067,396","10,431,316","1,109,604","1,002,713","2,592,306","3,373,787","28,871","60,878t","38,724","22,154"
Q4 1991,"28,127,327","579,549","130,360","916,896","745,886","7,080,336","10,465,562","1,109,400","1,000,942","2,604,031","3,404,049","29,142",..t,"38,854","22,320"
Q1 1992,"28,181,477","579,425","130,604","917,302","746,571","7,082,645","10,488,022","1,109,978","1,001,136","2,611,786","3,423,217","29,239",..t,"39,055","22,497"
Q2 1992,"28,269,699","579,761","130,812","917,555","747,232","7,096,705","10,528,346","1,111,050","1,002,831","2,620,771","3,443,237","29,510",..t,"39,230","22,659"
Q3 1992,"28,371,264","580,109","130,827","919,451","748,121","7,110,010","10,572,205","1,112,689","1,003,995","2,632,672","3,468,802","30,084",..t,"39,416","22,883"
Q4 1992,"28,474,177","579,624","131,201","921,619","747,746","7,129,062","10,610,665","1,113,209","1,002,960","2,643,421","3,502,209","30,034",..t,"39,422","23,005"
Q1 1993,"28,533,602","580,819","131,564","922,128","747,892","7,137,514","10,629,994","1,114,180","1,003,443","2,650,886","3,522,509","29,964",..t,"39,538","23,171"
Q2 1993,"28,600,864","580,369","131,833","922,469","748,320","7,147,047","10,656,924","1,115,554","1,005,037","2,658,293","3,541,936","30,112",..t,"39,649","23,321"
Q3 1993,"28,684,764","579,977","132,177","923,925","748,812","7,156,537","10,690,038","1,117,618","1,006,900","2,667,292","3,567,772","30,337",..t,"39,820","23,559"
Q4 1993,"28,786,619","578,194","132,467","925,851","749,454","7,172,016","10,728,737","1,118,603","1,007,016","2,678,623","3,601,746","30,016",..t,"40,095","23,801"
Q1 1994,"28,835,772","577,128","132,752","925,852","749,531","7,177,923","10,744,762","1,119,284","1,007,554","2,683,346","3,623,717","29,670",..t,"40,273","23,980"
Q2 1994,"28,907,448","575,670","133,030","926,109","749,473","7,184,599","10,776,819","1,120,863","1,008,540","2,691,443","3,646,632","29,682",..t,"40,383","24,205"
Q3 1994,"29,000,663","574,466","133,437","926,871","750,185","7,192,403","10,819,146","1,123,230","1,009,575","2,700,606","3,676,075","29,684",..t,"40,578","24,407"
Q4 1994,"29,096,372","572,068","133,800","927,778","750,670","7,201,106","10,860,406","1,124,263","1,010,784","2,709,011","3,711,468","29,606",..t,"40,875","24,537"
Q1 1995,"29,141,902","570,563","134,060","927,395","750,819","7,205,074","10,875,308","1,124,947","1,011,784","2,715,701","3,730,564","29,882",..t,"41,114","24,691"
Q2 1995,"29,211,541","569,068","134,175","927,641","750,692","7,210,305","10,906,895","1,127,234","1,012,795","2,724,946","3,751,377","30,143",..t,"41,407","24,863"
Q3 1995,"29,302,311","567,397","134,415","928,120","750,943","7,219,219","10,950,119","1,129,150","1,014,187","2,734,519","3,777,390","30,442",..t,"41,432","24,978"
Q4 1995,"29,396,274","565,008","134,971","930,028","751,174","7,228,600","10,993,416","1,129,547","1,015,349","2,745,255","3,805,461","30,875",..t,"41,470","25,120"
Q1 1996,"29,446,857","563,679","135,119","929,782","751,581","7,232,952","11,009,307","1,130,288","1,016,198","2,753,463","3,826,739","30,963",..t,"41,495","25,291"
Q2 1996,"29,514,217","561,646","135,311","929,921","751,872","7,237,307","11,037,392","1,132,025","1,017,872","2,762,903","3,849,847","31,142",..t,"41,516","25,463"
Q3 1996,"29,610,218","559,698","135,737","931,327","752,268","7,246,897","11,082,903","1,134,196","1,018,945","2,775,133","3,874,317","31,387",..t,"41,741","25,669"
Q4 1996,"29,708,206","557,281","136,004","932,276","752,526","7,257,616","11,130,574","1,134,619","1,019,408","2,789,691","3,899,256","31,596",..t,"41,611","25,748"
Q1 1997,"29,751,536","555,432","135,935","932,349","752,334","7,262,945","11,146,270","1,134,997","1,018,326","2,799,561","3,914,490","31,633",..t,"41,528","25,736"
Q2 1997,"29,818,012","553,115","135,931","931,832","752,447","7,267,820","11,179,959","1,135,846","1,017,683","2,813,157","3,931,056","31,659",..t,"41,668","25,839"
Q3 1997,"29,905,948","550,911","136,095","932,402","752,511","7,274,611","11,227,651","1,136,128","1,017,902","2,829,848","3,948,583","31,797",..t,"41,625","25,884"
Q4 1997,"29,994,790","547,639","136,165","932,735","752,248","7,282,871","11,278,893","1,135,649","1,017,426","2,847,526","3,964,677","31,556",..t,"41,411","25,994"
Q1 1998,"30,028,506","545,769","135,938","932,549","751,969","7,286,008","11,292,059","1,135,770","1,017,504","2,859,305","3,972,821","31,510",..t,"41,222","26,082"
Q2 1998,"30,080,180","542,479","135,635","932,033","751,080","7,290,497","11,322,038","1,136,177","1,017,105","2,876,753","3,977,912","31,320",..t,"40,968","26,183"
Q3 1998,"30,155,173","539,843","135,804","931,836","750,530","7,295,935","11,365,901","1,137,489","1,017,332","2,899,066","3,983,113","31,149",..t,"40,802","26,373"
Q4 1998,"30,231,639","537,908","135,908","932,740","750,708","7,305,302","11,408,804","1,138,328","1,017,748","2,915,781","3,990,451","30,877",..t,"40,635","26,449"
Q1 1999,"30,260,117","536,515","135,994","932,145","750,127","7,310,238","11,419,589","1,138,946","1,016,883","2,926,079","3,995,643","30,748",..t,"40,635","26,575"
Q2 1999,"30,314,696","534,498","136,025","932,116","750,075","7,315,053","11,452,857","1,140,502","1,015,716","2,937,393","4,002,433","30,602",..t,"40,705","26,721"
Q3 1999,"30,401,286","533,329","136,281","933,784","750,601","7,323,250","11,504,759","1,142,448","1,014,524","2,952,692","4,011,375","30,785",..t,"40,638","26,820"
Q4 1999,"30,492,106","532,246","136,424","935,941","750,643","7,334,722","11,559,464","1,143,618","1,012,582","2,966,682","4,021,600","30,608",..t,"40,579","26,997"
Q1 2000,"30,525,872","531,774","136,442","934,594","750,786","7,340,269","11,576,994","1,144,428","1,011,141","2,974,517","4,026,664","30,495",..t,"40,623","27,145"
Q2 2000,"30,594,030","529,574","136,289","934,291","750,543","7,347,179","11,621,255","1,145,873","1,009,177","2,988,465","4,033,319","30,382",..t,"40,455","27,228"
Q3 2000,"30,685,730","527,966","136,470","933,821","750,517","7,356,951","11,683,290","1,147,313","1,007,565","3,004,198","4,039,230","30,431",..t,"40,480","27,498"
Q4 2000,"30,783,969","526,732","136,400","934,459","750,252","7,368,772","11,748,348","1,148,183","1,006,027","3,016,947","4,049,297","30,294",..t,"40,575","27,683"
Q1 2001,"30,824,441","525,299","136,377","933,463","749,715","7,373,978","11,771,945","1,148,456","1,003,469","3,027,941","4,055,229","30,147",..t,"40,624","27,798"
Q2 2001,"30,910,996","523,235","136,499","932,909","749,789","7,383,844","11,827,345","1,149,684","1,001,643","3,041,238","4,066,132","30,124",..t,"40,625","27,929"
Q3 2001,"31,020,902","522,046","136,665","932,494","749,820","7,396,456","11,897,534","1,151,454","1,000,239","3,058,108","4,076,950","30,158",..t,"40,845","28,133"
Q4 2001,"31,129,119","521,581","136,876","933,336","749,295","7,411,504","11,961,789","1,152,150","999,175","3,078,336","4,085,648","30,076",..t,"41,173","28,180"
Q1 2002,"31,169,393","521,399","136,858","933,773","748,637","7,417,882","11,980,361","1,152,837","998,681","3,092,107","4,087,191","30,153",..t,"41,176","28,338"
Q2 2002,"31,253,382","520,228","136,892","934,177","748,777","7,428,016","12,030,408","1,154,737","997,740","3,108,360","4,094,236","30,142",..t,"41,280","28,389"
Q3 2002,"31,360,079","519,481","136,880","935,179","749,372","7,441,656","12,094,174","1,156,680","996,807","3,128,429","4,100,564","30,336",..t,"41,699","28,822"
Q4 2002,"31,451,764","519,458","137,078","935,968","749,408","7,455,892","12,146,053","1,157,298","996,279","3,144,926","4,108,400","30,266",..t,"41,874","28,864"
Q1 2003,"31,480,672","519,223","137,077","935,509","749,238","7,461,516","12,156,750","1,158,369","996,241","3,155,103","4,110,242","30,422",..t,"42,006","28,976"
Q2 2003,"31,550,768","518,813","137,120","935,800","749,265","7,471,775","12,195,501","1,160,863","995,748","3,169,049","4,114,925","30,573",..t,"42,219","29,117"
Q3 2003,"31,644,028","518,459","137,227","937,717","749,441","7,485,753","12,245,039","1,163,596","996,386","3,183,065","4,124,482","30,941",..t,"42,600","29,322"
Q4 2003,"31,737,869","518,786","137,425","938,790","749,463","7,503,709","12,291,669","1,165,530","996,555","3,197,858","4,134,638","31,218",..t,"42,857","29,371"
Q1 2004,"31,777,704","518,739","137,510","938,997","749,190","7,510,408","12,305,320","1,167,656","996,558","3,209,372","4,139,946","31,319",..t,"43,171","29,518"
Q2 2004,"31,846,669","517,940","137,629","938,783","749,336","7,520,262","12,341,656","1,170,347","997,080","3,223,490","4,145,951","31,401",..t,"43,210","29,584"
Q3 2004,"31,940,655","517,423","137,680","939,664","749,419","7,535,590","12,391,421","1,173,238","997,283","3,238,668","4,155,651","31,455",..t,"43,306","29,857"
Q4 2004,"32,039,959","516,906","137,695","939,884","749,243","7,553,651","12,437,664","1,174,675","996,993","3,260,590","4,167,810","31,689",..t,"43,352","29,807"
Q1 2005,"32,076,720","516,794","137,689","939,215","749,002","7,559,625","12,446,466","1,176,051","995,900","3,276,797","4,174,018","31,771",..t,"43,442","29,950"
Q2 2005,"32,141,943","515,358","137,788","937,991","748,693","7,567,307","12,477,967","1,177,285","994,892","3,296,271","4,182,963","31,862",..t,"43,457","30,109"
Q3 2005,"32,243,753","514,332","138,064","937,926","748,057","7,581,476","12,528,663","1,178,264","993,500","3,321,768","4,196,062","31,902",..t,"43,400","30,339"
Q4 2005,"32,353,968","513,740","138,130","938,753","747,672","7,598,887","12,578,931","1,179,086","993,288","3,346,754","4,212,666","32,128",..t,"43,526","30,407"
Q1 2006,"32,395,309","512,564","137,907","938,117","746,983","7,604,258","12,587,531","1,179,920","992,237","3,371,823","4,217,962","32,112",..t,"43,318","30,577"
Q2 2006,"32,470,303","510,961","137,846","937,664","746,337","7,615,505","12,618,444","1,181,635","991,228","3,396,802","4,227,986","32,152",..t,"43,101","30,642"
Q3 2006,"32,571,174","510,592","137,867","937,882","745,621","7,631,966","12,661,878","1,183,562","992,314","3,421,434","4,241,794","32,272",..t,"43,179","30,813"
Q4 2006,"32,680,712","510,329","137,898","937,046","744,975","7,653,092","12,700,994","1,183,981","993,361","3,453,944","4,258,655","32,361",..t,"43,197","30,879"
Q1 2007,"32,717,701","510,335","137,778","936,203","744,853","7,661,583","12,702,838","1,184,503","995,174","3,472,771","4,265,321","32,315",..t,"43,074","30,953"
Q2 2007,"32,786,014","509,131","137,708","934,995","744,938","7,674,385","12,726,728","1,186,430","997,550","3,490,842","4,276,743","32,273",..t,"43,107","31,184"
Q3 2007,"32,889,025","509,055","137,711","935,115","745,433","7,692,916","12,764,806","1,189,451","1,002,086","3,514,147","4,290,984","32,554",..t,"43,372","31,395"
Q4 2007,"33,002,138","510,262","138,026","935,379","746,138","7,713,173","12,807,208","1,191,690","1,007,323","3,533,413","4,312,042","32,662",..t,"43,262","31,560"
Q1 2008,"33,050,613","511,008","138,000","935,475","746,288","7,725,513","12,814,446","1,193,408","1,010,304","3,548,796","4,319,652","32,751",..t,"43,357","31,615"
Q2 2008,"33,127,520","511,253","138,186","935,635","746,533","7,740,347","12,840,272","1,194,662","1,013,478","3,567,458","4,331,699","32,954",..t,"43,362","31,681"
Q3 2008,"33,247,118","511,581","138,749","935,897","746,877","7,761,725","12,883,583","1,197,775","1,017,404","3,595,856","4,349,336","33,083",..t,"43,360","31,892"
Q4 2008,"33,372,418","513,437","139,465","937,045","747,769","7,786,475","12,927,148","1,199,548","1,022,553","3,619,292","4,371,124","33,306",..t,"43,293","31,963"
Q1 2009,"33,427,050","514,223","139,136","937,382","748,373","7,799,115","12,932,234","1,201,702","1,025,993","3,638,482","4,381,829","33,404",..t,"43,116","32,061"
Q2 2009,"33,511,275","514,719","139,206","937,429","749,161","7,817,022","12,956,332","1,204,014","1,029,901","3,659,228","4,395,190","33,582",..t,"43,106","32,385"
Q3 2009,"33,628,895","516,751","139,891","938,208","749,956","7,843,383","12,998,345","1,208,556","1,034,819","3,678,996","4,410,506","33,731",..t,"43,156","32,597"
Q4 2009,"33,757,077","518,985","140,611","940,501","751,066","7,871,361","13,047,485","1,211,875","1,039,554","3,694,303","4,431,576","34,025",..t,"42,924","32,811"
Q1 2010,"33,807,529","520,283","140,612","940,823","751,281","7,885,717","13,058,435","1,213,933","1,042,952","3,702,266","4,441,329","34,007",..t,"42,970","32,921"
Q2 2010,"33,889,236","521,204","140,990","940,919","752,021","7,903,339","13,088,106","1,216,610","1,046,799","3,714,974","4,453,744","34,241",..t,"43,152","33,137"
Q3 2010,"34,004,889","522,009","141,654","942,107","753,035","7,929,222","13,135,778","1,220,780","1,051,443","3,732,082","4,465,546","34,596",..t,"43,285","33,352"
Q4 2010,"34,131,683","522,865","142,732","944,179","754,287","7,955,007","13,189,339","1,224,662","1,056,115","3,747,226","4,483,609","34,789",..t,"43,303","33,570"
Q1 2011,"34,166,099","523,726","143,020","944,068","754,794","7,967,185","13,198,650","1,227,212","1,058,963","3,754,424","4,482,260","34,801",..t,"43,263","33,733"
Q2 2011,"34,230,378","524,239","143,265","943,918","754,841","7,982,119","13,221,999","1,229,063","1,061,484","3,768,773","4,488,508","34,983",..t,"43,263","33,923"
Q3 2011,"34,339,328","524,999","143,963","944,274","755,705","8,005,090","13,261,381","1,233,649","1,066,026","3,789,030","4,502,104","35,411",..t,"43,504","34,192"
Q4 2011,"34,457,998","525,936","144,378","945,016","756,420","8,021,860","13,308,659","1,238,019","1,070,687","3,807,726","4,525,684","35,668",..t,"43,593","34,352"
Q1 2012,"34,516,352","526,215","144,310","944,307","757,278","8,029,498","13,323,332","1,242,141","1,074,265","3,825,072","4,536,084","35,782",..t,"43,648","34,420"
Q2 2012,"34,592,779","525,655","144,472","943,746","757,270","8,039,492","13,348,263","1,245,692","1,077,892","3,847,722","4,548,438","35,843",..t,"43,701","34,593"
Q3 2012,"34,714,222","526,345","144,530","943,635","758,378","8,061,101","13,390,632","1,249,975","1,083,755","3,874,548","4,566,769","36,234",..t,"43,648","34,672"
Q4 2012,"34,836,008","527,180","144,520","943,341","758,673","8,078,388","13,434,943","1,254,178","1,088,959","3,900,333","4,590,545","36,425",..t,"43,681","34,842"
Q1 2013,"34,883,119","527,248","144,175","942,598","758,298","8,082,771","13,444,704","1,257,940","1,091,547","3,920,499","4,598,255","36,373",..t,"43,737","34,974"
Q2 2013,"34,958,216","527,313","143,948","941,230","758,132","8,090,916","13,467,829","1,260,834","1,094,390","3,946,798","4,611,648","36,313",..t,"43,867","34,998"
Q3 2013,"35,082,954","527,114","144,094","940,434","758,544","8,110,880","13,510,781","1,264,620","1,099,736","3,981,011","4,630,077","36,521",..t,"43,805","35,337"
Q4 2013,"35,211,866","528,117","144,103","940,105","758,670","8,124,660","13,558,528","1,268,428","1,103,730","4,010,903","4,658,875","36,448",..t,"43,756","35,543"
Q1 2014,"35,249,639","528,242","143,996","939,867","759,018","8,125,478","13,562,583","1,271,562","1,106,374","4,029,951","4,666,788","36,393",..t,"43,800","35,587"
Q2 2014,"35,323,533","527,498","143,984","938,913","758,876","8,132,425","13,582,747","1,274,407","1,109,631","4,054,280","4,684,490","36,682",..t,"43,794","35,806"
Q3 2014,"35,437,435","528,159","144,283","938,545","758,976","8,150,183","13,617,553","1,279,014","1,112,979","4,083,648","4,707,103","37,137",..t,"43,884","35,971"
Q4 2014,"35,559,047","528,461","144,538","938,972","759,524","8,165,447","13,661,314","1,283,366","1,116,203","4,106,056","4,737,725","37,272",..t,"44,064","36,105"
Q1 2015,"35,575,187","528,361","144,368","938,296","759,617","8,163,132","13,657,737","1,286,453","1,118,181","4,116,047","4,745,468","37,168",..t,"44,140","36,219"
Q2 2015,"35,611,271","528,063","144,259","936,271","758,948","8,163,063","13,669,860","1,288,094","1,118,806","4,128,300","4,757,759","37,372",..t,"44,193","36,283"
Q3 2015,"35,702,908","528,117","144,546","936,525","758,842","8,175,272","13,707,118","1,292,227","1,120,967","4,144,491","4,776,388","37,690",..t,"44,237","36,488"
Q4 2015,"35,822,894","528,696","144,894","938,320","759,778","8,190,014","13,757,688","1,297,329","1,124,919","4,159,519","4,802,955","37,751",..t,"44,428","36,603"
Q1 2016,"35,871,136","528,800","145,202","938,690","760,580","8,193,624","13,773,629","1,302,544","1,127,773","4,169,830","4,811,465","37,770",..t,"44,507","36,722"
Q2 2016,"35,970,303","529,063","145,784","940,382","762,289","8,204,085","13,816,545","1,307,689","1,131,147","4,181,765","4,832,155","38,042",..t,"44,590","36,767"
Q3 2016,"36,109,487","529,426","146,969","942,790","763,350","8,225,950","13,875,394","1,314,139","1,135,987","4,196,061","4,859,250","38,547",..t,"44,649","36,975"
Q4 2016,"36,258,726","529,900","147,936","946,030","764,844","8,249,692","13,946,431","1,319,911","1,140,690","4,208,958","4,884,002","38,750",..t,"44,542","37,040"
Q1 2017,"36,314,099","529,347","148,181","945,943","764,617","8,257,450","13,971,785","1,324,129","1,143,313","4,217,855","4,890,848","38,848",..t,"44,607","37,176"
Q2 2017,"36,398,013","528,544","148,860","947,384","764,813","8,272,894","14,006,386","1,328,412","1,146,218","4,227,969","4,905,210","39,175",..t,"44,813","37,335"
Q3 2017,"36,545,236","528,249","150,402","950,108","766,621","8,302,063","14,070,141","1,334,790","1,150,331","4,241,100","4,929,384","39,610",..t,"44,891","37,546"
Q4 2017,"36,721,223","528,288","151,376","953,683","767,935","8,336,460","14,150,783","1,340,565","1,154,755","4,258,195","4,956,550","39,804",..t,"45,126","37,703"
Q1 2018,"36,798,408","527,544","151,516","953,838","768,005","8,350,601","14,186,830","1,344,418","1,156,659","4,268,853","4,967,421","39,972",..t,"45,066","37,685"
Q2 2018,"36,898,431","526,395","152,039","954,618","768,522","8,367,551","14,235,643","1,347,055","1,158,451","4,281,706","4,983,183","40,141",..t,"45,320","37,807"
Q3 2018,"37,065,084","525,560","153,396","958,406","770,301","8,401,738","14,308,697","1,352,825","1,161,767","4,298,275","5,010,476","40,519",..t,"44,981","38,143"
Q4 2018,"37,250,385","525,729","155,152","963,447","772,597","8,434,705","14,392,903","1,357,968","1,165,929","4,317,665","5,040,353","40,679",..t,"44,970","38,288"
Q1 2019,"37,325,235","524,803","155,254","964,073","772,828","8,447,803","14,426,822","1,361,820","1,168,447","4,330,833","5,048,144","40,854",..t,"45,202","38,352"
Q2 2019,"37,422,946","524,131","155,916","965,553","774,035","8,466,531","14,467,552","1,364,667","1,169,397","4,344,454","5,066,120","40,932",..t,"45,137","38,521"
Q3 2019,"37,601,230","523,427","157,419","970,243","777,128","8,503,483","14,544,701","1,369,954","1,172,479","4,362,576","5,094,796","41,362",..t,"45,070","38,592"
Q4 2019,"37,810,038","523,889","158,760","976,483","780,597","8,542,964","14,636,131","1,373,845","1,176,282","4,384,848","5,130,780","41,648",..t,"45,186","38,625"
Q1 2020,"37,909,001","523,345","159,369","977,498","780,677","8,559,876","14,686,092","1,377,248","1,179,135","4,401,362","5,138,710","41,699",..t,"45,270","38,720"
Q2 2020,"37,986,182","522,505","160,390","979,075","782,092","8,574,709","14,718,133","1,379,138","1,179,409","4,414,332","5,150,199","42,015",..t,"45,351","38,834"
Q3 2020,"38,007,166","521,359","161,305","981,691","782,996","8,576,595","14,726,022","1,379,888","1,178,467","4,416,682","5,155,495","42,163",..t,"45,346","39,157"
Q4 2020,"38,007,048","520,203","161,455","981,266","783,354","8,578,733","14,721,852","1,381,572","1,177,980","4,421,857","5,151,920","42,327",..t,"45,275","39,254"
Q1 2021,"38,043,450","519,736","161,662","981,793","784,472","8,579,010","14,740,102","1,384,025","1,179,119","4,429,077","5,157,293","42,401",..t,"45,355","39,405"
Q2 2021,"38,124,373","519,694","162,866","985,238","786,529","8,585,460","14,773,618","1,388,726","1,181,040","4,436,944","5,176,360","42,719",..t,"45,660","39,519"
Q3 2021,"38,226,498","520,452","164,758","991,117","790,398","8,602,335","14,809,257","1,391,979","1,181,493","4,443,773","5,202,378","43,250",..t,"45,597","39,711"
Q4 2021,"38,426,473","521,854","166,435","998,387","795,851","8,630,187","14,901,607","1,395,430","1,182,984","4,466,124","5,238,713","43,373",..t,"45,607","39,921"
Q1 2022,"38,516,138","522,501","166,858","1,002,441","799,245","8,637,650","14,940,912","1,398,303","1,185,311","4,482,385","5,251,578","43,241",..t,"45,710","40,003"
Q2 2022,"38,644,920","523,043","168,358","1,007,360","802,862","8,650,692","14,996,014","1,401,967","1,188,338","4,502,858","5,273,809","43,518",..t,"45,698","40,403"
Q3 2022,"38,929,902","525,972","170,688","1,019,725","812,061","8,695,659","15,109,416","1,409,223","1,194,803","4,543,111","5,319,324","43,789",..t,"45,605","40,526"
Q4 2022,"39,292,355","528,818","172,707","1,030,953","820,786","8,751,352","15,262,660","1,420,228","1,205,119","4,601,314","5,368,266","43,964",..t,"45,602","40,586"
Q1 2023,"39,566,248","531,948","173,954","1,037,782","825,474","8,787,554","15,386,407","1,431,792","1,214,618","4,647,178","5,399,118","44,238",..t,"45,493","40,692"
